[{"fields": {"city": "scottsdale", "country": "us", "region": "AZ", "longitude": -111.8983333, "city_accent": "Scottsdale", "latitude": 33.5091667, "population": 225796}, "model": "crawler.location", "pk": 2914221}, {"fields": {"city": "menlo park", "country": "us", "region": "CA", "longitude": -122.1811111, "city_accent": "Menlo Park", "latitude": 37.4538889, "population": 29071}, "model": "crawler.location", "pk": 2920881}, {"fields": {"city": "mountain view", "country": "us", "region": "CA", "longitude": -122.0827778, "city_accent": "Mountain View", "latitude": 37.3861111, "population": 68268}, "model": "crawler.location", "pk": 2921114}, {"fields": {"city": "san francisco", "country": "us", "region": "CA", "longitude": -122.4183333, "city_accent": "San Francisco", "latitude": 37.775, "population": 732072}, "model": "crawler.location", "pk": 2922112}, {"fields": {"city": "san jose", "country": "us", "region": "CA", "longitude": -121.8938889, "city_accent": "San Jose", "latitude": 37.3394444, "population": 897460}, "model": "crawler.location", "pk": 2922122}, {"fields": {"city": "atlanta", "country": "us", "region": "GA", "longitude": -84.3880556, "city_accent": "Atlanta", "latitude": 33.7488889, "population": 422908}, "model": "crawler.location", "pk": 2930812}, {"fields": {"city": "reno", "country": "us", "region": "NV", "longitude": -119.8127778, "city_accent": "Reno", "latitude": 39.5297222, "population": 202142}, "model": "crawler.location", "pk": 2982144}, {"fields": {"city": "new york", "country": "us", "region": "NY", "longitude": -74.0063889, "city_accent": "New York", "latitude": 40.7141667, "population": 8107916}, "model": "crawler.location", "pk": 2990575}, {"fields": {"city": "kirkland", "country": "us", "region": "WA", "longitude": -122.2075, "city_accent": "Kirkland", "latitude": 47.6816667, "population": 45778}, "model": "crawler.location", "pk": 3041992}, {"fields": {"city": "redmond", "country": "us", "region": "WA", "longitude": -122.1202778, "city_accent": "Redmond", "latitude": 47.6741667, "population": 47264}, "model": "crawler.location", "pk": 3042660}, {"fields": {"programming_language": "", "certificate": "", "url": "http://google.com", "frontend_language": "", "frontend_framework": "", "webserver": "", "location": 2921114, "backend_framework": "", "certificate_authority": "", "logo_url": "http://www.google.fi/images/srpr/nav_logo80.png", "ip_address": "", "html_version": "", "company_name": "Google"}, "model": "crawler.site", "pk": 35}, {"fields": {"programming_language": "", "certificate": "", "url": "http://youtube.com", "frontend_language": "", "frontend_framework": "", "webserver": "", "location": 2921114, "backend_framework": "", "certificate_authority": "", "logo_url": "", "ip_address": "", "html_version": "", "company_name": "YouTube"}, "model": "crawler.site", "pk": 36}, {"fields": {"programming_language": "", "certificate": "", "url": "http://facebook.com", "frontend_language": "", "frontend_framework": "", "webserver": "", "location": 2920881, "backend_framework": "", "certificate_authority": "", "logo_url": "", "ip_address": "", "html_version": "", "company_name": "sis"}, "model": "crawler.site", "pk": 37}, {"fields": {"programming_language": "", "certificate": "", "url": "http://msn.com", "frontend_language": "", "frontend_framework": "", "webserver": "", "location": 3042660, "backend_framework": "", "certificate_authority": "", "logo_url": "", "ip_address": "", "html_version": "", "company_name": "Outlook"}, "model": "crawler.site", "pk": 38}, {"fields": {"programming_language": "", "certificate": "", "url": "http://twitter.com", "frontend_language": "", "frontend_framework": "", "webserver": "", "location": 2922112, "backend_framework": "", "certificate_authority": "", "logo_url": "", "ip_address": "", "html_version": "", "company_name": "sis"}, "model": "crawler.site", "pk": 39}, {"fields": {"programming_language": "", "certificate": "", "url": "http://amazon.com", "frontend_language": "", "frontend_framework": "", "webserver": "", "location": 2982144, "backend_framework": "", "certificate_authority": "", "logo_url": "http://g-ecx.images-amazon.com/images/G/01/gno/images/general/navAmazonLogoFooter._V169459313_.gif", "ip_address": "", "html_version": "", "company_name": "Shopping"}, "model": "crawler.site", "pk": 40}, {"fields": {"programming_language": "", "certificate": "", "url": "http://yelp.com", "frontend_language": "", "frontend_framework": "", "webserver": "", "location": 2922112, "backend_framework": "", "certificate_authority": "", "logo_url": "http://s3-media4.fl.yelpcdn.com/assets/2/www/img/9d213bfb766e/logo/logo_tiny.png", "ip_address": "", "html_version": "", "company_name": "Salons"}, "model": "crawler.site", "pk": 41}, {"fields": {"programming_language": "", "certificate": "", "url": "http://buzzfeed.com", "frontend_language": "", "frontend_framework": "", "webserver": "", "location": 3041992, "backend_framework": "", "certificate_authority": "", "logo_url": "http://s3-ak.buzzfeed.com/static/badge_images/quiz.png?v=201502201432", "ip_address": "", "html_version": "", "company_name": "BuzzFeed"}, "model": "crawler.site", "pk": 42}, {"fields": {"programming_language": "", "certificate": "", "url": "http://ebay.com", "frontend_language": "", "frontend_framework": "", "webserver": "", "location": 2922122, "backend_framework": "", "certificate_authority": "", "logo_url": "", "ip_address": "", "html_version": "", "company_name": "and"}, "model": "crawler.site", "pk": 43}, {"fields": {"programming_language": "", "certificate": "", "url": "http://microsoft.com", "frontend_language": "", "frontend_framework": "", "webserver": "", "location": 3042660, "backend_framework": "", "certificate_authority": "", "logo_url": "http://c.s-microsoft.com/fi-fi/CMSImages/mslogo.png?version=856673f8-e6be-0476-6669-d5bf2300391d", "ip_address": "", "html_version": "", "company_name": "Suomi"}, "model": "crawler.site", "pk": 45}, {"fields": {"programming_language": "", "certificate": "", "url": "http://bing.com", "frontend_language": "", "frontend_framework": "", "webserver": "", "location": 3042660, "backend_framework": "", "certificate_authority": "", "logo_url": "http://www.bing.com/s/a/hpc12.png", "ip_address": "", "html_version": "", "company_name": "Bing"}, "model": "crawler.site", "pk": 47}, {"fields": {"programming_language": "", "certificate": "", "url": "http://pinterest.com", "frontend_language": "", "frontend_framework": "", "webserver": "", "location": 2922112, "backend_framework": "", "certificate_authority": "", "logo_url": "", "ip_address": "", "html_version": "", "company_name": "Pinterest"}, "model": "crawler.site", "pk": 48}, {"fields": {"programming_language": "", "certificate": "", "url": "http://wikipedia.org", "frontend_language": "", "frontend_framework": "", "webserver": "", "location": 2922112, "backend_framework": "", "certificate_authority": "", "logo_url": "http://upload.wikimedia.org/wikipedia/meta/0/08/wikipedia-logo-v2_1x.png", "ip_address": "", "html_version": "", "company_name": "Wikipedia"}, "model": "crawler.site", "pk": 49}, {"fields": {"programming_language": "", "certificate": "", "url": "http://weather.com", "frontend_language": "", "frontend_framework": "", "webserver": "", "location": 2930812, "backend_framework": "", "certificate_authority": "", "logo_url": "http://s.w-x.co/TWC_logo_100x100.gif", "ip_address": "", "html_version": "", "company_name": ""}, "model": "crawler.site", "pk": 50}, {"fields": {"programming_language": "", "certificate": "", "url": "http://live.com", "frontend_language": "", "frontend_framework": "", "webserver": "", "location": 3042660, "backend_framework": "", "certificate_authority": "", "logo_url": "", "ip_address": "", "html_version": "", "company_name": "In"}, "model": "crawler.site", "pk": 51}, {"fields": {"programming_language": "", "certificate": "", "url": "http://wikia.com", "frontend_language": "", "frontend_framework": "", "webserver": "", "location": 2922112, "backend_framework": "", "certificate_authority": "", "logo_url": "", "ip_address": "", "html_version": "", "company_name": "communities"}, "model": "crawler.site", "pk": 52}, {"fields": {"programming_language": "", "certificate": "", "url": "http://about.com", "frontend_language": "", "frontend_framework": "", "webserver": "", "location": 2990575, "backend_framework": "", "certificate_authority": "", "logo_url": "", "ip_address": "", "html_version": "", "company_name": "About"}, "model": "crawler.site", "pk": 53}, {"fields": {"programming_language": "", "certificate": "", "url": "http://diply.com", "frontend_language": "", "frontend_framework": "", "webserver": "", "location": 2914221, "backend_framework": "", "certificate_authority": "", "logo_url": "http://diply.com/Content/img/Wordmark-Logo.svg", "ip_address": "", "html_version": "", "company_name": "a"}, "model": "crawler.site", "pk": 54}, {"fields": {"programming_language": "", "certificate": "", "url": "http://paypal.com", "frontend_language": "", "frontend_framework": "", "webserver": "", "location": 2922122, "backend_framework": "", "certificate_authority": "", "logo_url": "https://paypal.112.2O7.net/b/ss/paypalglobal/1/H.6--NS/0?pageName=NonJavaScript", "ip_address": "", "html_version": "", "company_name": "a"}, "model": "crawler.site", "pk": 55}, {"fields": {"programming_language": "", "certificate": "", "url": "http://linkedin.com", "frontend_language": "", "frontend_framework": "", "webserver": "", "location": 2921114, "backend_framework": "", "certificate_authority": "", "logo_url": "https://static.licdn.com/scds/common/u/img/logos/logo_132x32_2.png", "ip_address": "", "html_version": "", "company_name": "Network"}, "model": "crawler.site", "pk": 56}, {"fields": {"programming_language": "", "certificate": "", "url": "http://blogger.com", "frontend_language": "", "frontend_framework": "", "webserver": "", "location": 2921114, "backend_framework": "", "certificate_authority": "", "logo_url": "https://ssl.gstatic.com/accounts/ui/logo_2x.png", "ip_address": "", "html_version": "", "company_name": "Blogger"}, "model": "crawler.site", "pk": 57}, {"fields": {"programming_language": "", "certificate": "", "url": "http://wordpress.com", "frontend_language": "", "frontend_framework": "", "webserver": "", "location": 2922112, "backend_framework": "", "certificate_authority": "", "logo_url": "", "ip_address": "", "html_version": "", "company_name": "kotisivu"}, "model": "crawler.site", "pk": 58}, {"fields": {"programming_language": "", "certificate": "", "url": "http://bleacherreport.com", "frontend_language": "", "frontend_framework": "", "webserver": "", "location": 2922112, "backend_framework": "", "certificate_authority": "", "logo_url": "http://b.scorecardresearch.com/p?c1=2&c2=6246855&c4=bleacherreport.com/&cv=2.0&cj=1", "ip_address": "", "html_version": "", "company_name": ""}, "model": "crawler.site", "pk": 59}, {"fields": {"programming_language": "", "certificate": "", "url": "http://godaddy.com", "frontend_language": "", "frontend_framework": "", "webserver": "", "location": 2914221, "backend_framework": "", "certificate_authority": "", "logo_url": "https://img1.wsimg.com/fos/hp/rebrand/img/ob-hosting-sever-sprite.jpg", "ip_address": "", "html_version": "", "company_name": "GoDaddy"}, "model": "crawler.site", "pk": 60}, {"fields": {"programming_language": "", "certificate": "", "url": "http://adobe.com", "frontend_language": "", "frontend_framework": "", "webserver": "", "location": 2922122, "backend_framework": "", "certificate_authority": "", "logo_url": "", "ip_address": "", "html_version": "", "company_name": "and"}, "model": "crawler.site", "pk": 61}, {"fields": {"programming_language": "", "certificate": "", "url": "http://blogspot.com", "frontend_language": "", "frontend_framework": "", "webserver": "", "location": 2921114, "backend_framework": "", "certificate_authority": "", "logo_url": "https://ssl.gstatic.com/accounts/ui/logo_2x.png", "ip_address": "", "html_version": "", "company_name": "Blogger"}, "model": "crawler.site", "pk": 62}, {"fields": {"programming_language": "", "certificate": "", "url": "http://craigslist.org", "frontend_language": "", "frontend_framework": "", "webserver": "", "location": 2922112, "backend_framework": "", "certificate_authority": "", "logo_url": "", "ip_address": "", "html_version": "", "company_name": "and"}, "model": "crawler.site", "pk": 64}, {"fields": {"value": "gws", "site": 35, "tech_type": "webserver"}, "model": "crawler.sitetechnology", "pk": 48}, {"fields": {"value": "gwiseguy/2.0", "site": 36, "tech_type": "webserver"}, "model": "crawler.sitetechnology", "pk": 49}, {"fields": {"value": "JavaScript", "site": 36, "tech_type": "frontend_language"}, "model": "crawler.sitetechnology", "pk": 50}, {"fields": {"value": "PHP", "site": 37, "tech_type": "backend_language"}, "model": "crawler.sitetechnology", "pk": 51}, {"fields": {"value": "JavaScript", "site": 37, "tech_type": "frontend_language"}, "model": "crawler.sitetechnology", "pk": 52}, {"fields": {"value": "Microsoft-IIS/8.5", "site": 38, "tech_type": "webserver"}, "model": "crawler.sitetechnology", "pk": 53}, {"fields": {"value": "JavaScript", "site": 38, "tech_type": "frontend_language"}, "model": "crawler.sitetechnology", "pk": 54}, {"fields": {"value": "tsa_b", "site": 39, "tech_type": "webserver"}, "model": "crawler.sitetechnology", "pk": 55}, {"fields": {"value": "XML", "site": 39, "tech_type": "frontend_language"}, "model": "crawler.sitetechnology", "pk": 56}, {"fields": {"value": "JavaScript", "site": 39, "tech_type": "frontend_language"}, "model": "crawler.sitetechnology", "pk": 57}, {"fields": {"value": "Server", "site": 40, "tech_type": "webserver"}, "model": "crawler.sitetechnology", "pk": 58}, {"fields": {"value": "CSS", "site": 40, "tech_type": "frontend_language"}, "model": "crawler.sitetechnology", "pk": 59}, {"fields": {"value": "cloudflare-nginx", "site": 41, "tech_type": "webserver"}, "model": "crawler.sitetechnology", "pk": 60}, {"fields": {"value": "JavaScript", "site": 41, "tech_type": "frontend_language"}, "model": "crawler.sitetechnology", "pk": 61}, {"fields": {"value": "Apache", "site": 42, "tech_type": "webserver"}, "model": "crawler.sitetechnology", "pk": 62}, {"fields": {"value": "XML", "site": 42, "tech_type": "frontend_language"}, "model": "crawler.sitetechnology", "pk": 63}, {"fields": {"value": "JavaScript", "site": 42, "tech_type": "frontend_language"}, "model": "crawler.sitetechnology", "pk": 64}, {"fields": {"value": "Apache-Coyote/1.1", "site": 43, "tech_type": "webserver"}, "model": "crawler.sitetechnology", "pk": 65}, {"fields": {"value": "JavaScript", "site": 43, "tech_type": "frontend_language"}, "model": "crawler.sitetechnology", "pk": 66}, {"fields": {"value": "Microsoft-IIS/8.5", "site": 45, "tech_type": "webserver"}, "model": "crawler.sitetechnology", "pk": 70}, {"fields": {"value": "ASP.NET", "site": 45, "tech_type": "backend_language"}, "model": "crawler.sitetechnology", "pk": 71}, {"fields": {"value": "JavaScript", "site": 45, "tech_type": "frontend_language"}, "model": "crawler.sitetechnology", "pk": 72}, {"fields": {"value": "Microsoft-IIS/8.5", "site": 47, "tech_type": "webserver"}, "model": "crawler.sitetechnology", "pk": 75}, {"fields": {"value": "nginx", "site": 48, "tech_type": "webserver"}, "model": "crawler.sitetechnology", "pk": 76}, {"fields": {"value": "XML", "site": 48, "tech_type": "frontend_language"}, "model": "crawler.sitetechnology", "pk": 77}, {"fields": {"value": "JavaScript", "site": 48, "tech_type": "frontend_language"}, "model": "crawler.sitetechnology", "pk": 78}, {"fields": {"value": "Apache", "site": 49, "tech_type": "webserver"}, "model": "crawler.sitetechnology", "pk": 79}, {"fields": {"value": "PHP", "site": 49, "tech_type": "backend_language"}, "model": "crawler.sitetechnology", "pk": 80}, {"fields": {"value": "nginx", "site": 50, "tech_type": "webserver"}, "model": "crawler.sitetechnology", "pk": 81}, {"fields": {"value": "JavaScript", "site": 50, "tech_type": "frontend_language"}, "model": "crawler.sitetechnology", "pk": 82}, {"fields": {"value": "CSS", "site": 50, "tech_type": "frontend_language"}, "model": "crawler.sitetechnology", "pk": 83}, {"fields": {"value": "Microsoft-IIS/8.5", "site": 51, "tech_type": "webserver"}, "model": "crawler.sitetechnology", "pk": 84}, {"fields": {"value": "JavaScript", "site": 51, "tech_type": "frontend_language"}, "model": "crawler.sitetechnology", "pk": 85}, {"fields": {"value": "Apache", "site": 52, "tech_type": "webserver"}, "model": "crawler.sitetechnology", "pk": 86}, {"fields": {"value": "Jetty(9.0.z-SNAPSHOT)", "site": 53, "tech_type": "webserver"}, "model": "crawler.sitetechnology", "pk": 87}, {"fields": {"value": "JavaScript", "site": 53, "tech_type": "frontend_language"}, "model": "crawler.sitetechnology", "pk": 88}, {"fields": {"value": "CSS", "site": 53, "tech_type": "frontend_language"}, "model": "crawler.sitetechnology", "pk": 89}, {"fields": {"value": "Microsoft-IIS/8.5", "site": 54, "tech_type": "webserver"}, "model": "crawler.sitetechnology", "pk": 90}, {"fields": {"value": "JavaScript", "site": 54, "tech_type": "frontend_language"}, "model": "crawler.sitetechnology", "pk": 91}, {"fields": {"value": "Apache", "site": 55, "tech_type": "webserver"}, "model": "crawler.sitetechnology", "pk": 92}, {"fields": {"value": "JavaScript", "site": 55, "tech_type": "frontend_language"}, "model": "crawler.sitetechnology", "pk": 93}, {"fields": {"value": "Apache-Coyote/1.1", "site": 56, "tech_type": "webserver"}, "model": "crawler.sitetechnology", "pk": 94}, {"fields": {"value": "JavaScript", "site": 56, "tech_type": "frontend_language"}, "model": "crawler.sitetechnology", "pk": 95}, {"fields": {"value": "GSE", "site": 57, "tech_type": "webserver"}, "model": "crawler.sitetechnology", "pk": 96}, {"fields": {"value": "nginx", "site": 58, "tech_type": "webserver"}, "model": "crawler.sitetechnology", "pk": 97}, {"fields": {"value": "nginx/1.7.7 + Phusion Passenger 4.0.50", "site": 59, "tech_type": "webserver"}, "model": "crawler.sitetechnology", "pk": 98}, {"fields": {"value": "JavaScript", "site": 59, "tech_type": "frontend_language"}, "model": "crawler.sitetechnology", "pk": 99}, {"fields": {"value": "Microsoft-IIS/7.0", "site": 60, "tech_type": "webserver"}, "model": "crawler.sitetechnology", "pk": 100}, {"fields": {"value": "ASP.NET", "site": 60, "tech_type": "backend_language"}, "model": "crawler.sitetechnology", "pk": 101}, {"fields": {"value": "JavaScript", "site": 60, "tech_type": "frontend_language"}, "model": "crawler.sitetechnology", "pk": 102}, {"fields": {"value": "Apache", "site": 61, "tech_type": "webserver"}, "model": "crawler.sitetechnology", "pk": 103}, {"fields": {"value": "JavaScript", "site": 61, "tech_type": "frontend_language"}, "model": "crawler.sitetechnology", "pk": 104}, {"fields": {"value": "CSS", "site": 61, "tech_type": "frontend_language"}, "model": "crawler.sitetechnology", "pk": 105}, {"fields": {"value": "GSE", "site": 62, "tech_type": "webserver"}, "model": "crawler.sitetechnology", "pk": 106}, {"fields": {"value": "Apache", "site": 64, "tech_type": "webserver"}, "model": "crawler.sitetechnology", "pk": 109}]